Nome,Preço,Localização,Quartos,Garagem,Área,Banheiros,IPTU,Condomínio,Link
#Rancho No #Ranchos Riviera Muito Bem Localizado,R$ 100.000,Guaraci,2,1,60m²,1,150,,https://sp.olx.com.br/regiao-de-sao-jose-do-rio-preto/imoveis/rancho-no-ranchos-riviera-muito-bem-localizado-1240285102
Casa Financiada,R$ 135.000,"São José do Rio Preto, Residencial Jardim Antonieta",2,2,80m²,2,,,https://sp.olx.com.br/regiao-de-sao-jose-do-rio-preto/imoveis/casa-financiada-1240161014
"Casa em Condomínio para Venda em São José do Rio Preto, Residencial Jardim das Acácias, 2",R$ 135.000,"São José do Rio Preto, Residencial Jardim das Acácias",2,1,150m²,1,100,150,https://sp.olx.com.br/regiao-de-sao-jose-do-rio-preto/imoveis/casa-em-condominio-para-venda-em-sao-jose-do-rio-preto-residencial-jardim-das-acacias-2-1239871493
"Casa para venda em Residencial Morada Do Sol de 100.00m² com 3 Quartos, 1 Suite e 2 Garage",R$ 148.000,"São José do Rio Preto, Residencial Morada do Sol",3,2,100m²,2,1,,https://sp.olx.com.br/regiao-de-sao-jose-do-rio-preto/imoveis/casa-para-venda-em-residencial-morada-do-sol-de-100-00m-com-3-quartos-1-suite-e-2-garage-1239609547
"Casa para venda tem 50 m2 com 2 quartos, Parque res. Celina Dalul - Mirassol",R$ 122.740,"Mirassol, Parque Residencial Celina Dalul",2,2,50m²,1,,,https://sp.olx.com.br/regiao-de-sao-jose-do-rio-preto/imoveis/casa-para-venda-tem-50-m2-com-2-quartos-parque-res-celina-dalul-mirassol-1239329860
Casa de Condomínio para venda em Residencial Jardim Das Acácias de 150.00m² com 2 Quartos,R$ 135.000,"São José do Rio Preto, Residencial Jardim das Acácias",2,1,150m²,1,100,150,https://sp.olx.com.br/regiao-de-sao-jose-do-rio-preto/imoveis/casa-de-condominio-para-venda-em-residencial-jardim-das-acacias-de-150-00m-com-2-quartos-1239293279
Casa para venda em Jardim Santo Antônio de 60.00m² com 2 Quartos e 3 Garagens,R$ 85.000,"São José do Rio Preto, Jardim Santo Antônio",2,3,60m²,1,1,,https://sp.olx.com.br/regiao-de-sao-jose-do-rio-preto/imoveis/casa-para-venda-em-jardim-santo-antonio-de-60-00m-com-2-quartos-e-3-garagens-1239278403
"Casa para venda em Bela Vista de 90.00m² com 2 Quartos, 1 Suite e 1 Garagem",R$ 135.000,"São José do Rio Preto, Jardim dos Buritis",2,1,90m²,2,1,,https://sp.olx.com.br/regiao-de-sao-jose-do-rio-preto/imoveis/casa-para-venda-em-bela-vista-de-90-00m-com-2-quartos-1-suite-e-1-garagem-1239209153
"Casa com 3 dormitórios à venda, 72 m² por R$ 130.000,00 - Jardim Simões - São José do Rio",R$ 130.000,"São José do Rio Preto, Jardim Simões",3,1,73m²,1,35,,https://sp.olx.com.br/regiao-de-sao-jose-do-rio-preto/imoveis/casa-com-3-dormitorios-a-venda-72-m-por-r-130-000-00-jardim-simoes-sao-jose-do-rio-1239015057
"Casa com 2 dormitórios à venda, 120 m² por R$ 140.000,00 - Solo Sagrado I - São José do Ri",R$ 140.000,"São José do Rio Preto, Solo Sagrado I",2,2,120m²,1,,,https://sp.olx.com.br/regiao-de-sao-jose-do-rio-preto/imoveis/casa-com-2-dormitorios-a-venda-120-m-por-r-140-000-00-solo-sagrado-i-sao-jose-do-ri-1239013326
"Casa com 2 dormitórios à venda, 140 m² por R$ 130.000 - Parque da Cidadania - São José do",R$ 130.000,"São José do Rio Preto, Parque da Cidadania",2,3,140m²,1,,,https://sp.olx.com.br/regiao-de-sao-jose-do-rio-preto/imoveis/casa-com-2-dormitorios-a-venda-140-m-por-r-130-000-parque-da-cidadania-sao-jose-do-1239013291
"Casa com 2 dormitórios à venda, 120 m² por R$ 135.000,00 - Jardim Nunes - São José do Rio",R$ 135.000,"São José do Rio Preto, Jardim Nunes",2,2,120m²,2,,,https://sp.olx.com.br/regiao-de-sao-jose-do-rio-preto/imoveis/casa-com-2-dormitorios-a-venda-120-m-por-r-135-000-00-jardim-nunes-sao-jose-do-rio-1239003999
Casa para venda em Parque Residencial Celina Dalul de 50.00m² com 2 Quartos e 2 Garagens,R$ 122.740,"Mirassol, Parque Residencial Celina Dalul",2,2,50m²,1,1,,https://sp.olx.com.br/regiao-de-sao-jose-do-rio-preto/imoveis/casa-para-venda-em-parque-residencial-celina-dalul-de-50-00m-com-2-quartos-e-2-garagens-1238914312
Casa para venda em  de 148.00m² com 2 Quartos,R$ 76.504,Ibirá,2,,148m²,1,1,,https://sp.olx.com.br/regiao-de-sao-jose-do-rio-preto/imoveis/casa-para-venda-em-de-148-00m-com-2-quartos-1238894988
"Casa em Condomínio para Venda em São José do Rio Preto, Residencial Jardim das Acácias, 2",R$ 135.000,"São José do Rio Preto, Residencial Jardim das Acácias",2,1,150m²,1,100,150,https://sp.olx.com.br/regiao-de-sao-jose-do-rio-preto/imoveis/casa-em-condominio-para-venda-em-sao-jose-do-rio-preto-residencial-jardim-das-acacias-2-1238779101
"Casa com 2 dormitórios à venda, 49 m² por R$ 131.100,00 - Alta Floresta - Potirendaba/SP",R$ 131.100,Potirendaba,2,2,50m²,1,,,https://sp.olx.com.br/regiao-de-sao-jose-do-rio-preto/imoveis/casa-com-2-dormitorios-a-venda-49-m-por-r-131-100-00-alta-floresta-potirendaba-sp-1238675646
"Casa com 3 dormitórios à venda, 140 m² por R$ 125.000 - Parque da Cidadania - São José do",R$ 125.000,"São José do Rio Preto, Parque da Cidadania",3,2,140m²,2,,,https://sp.olx.com.br/regiao-de-sao-jose-do-rio-preto/imoveis/casa-com-3-dormitorios-a-venda-140-m-por-r-125-000-parque-da-cidadania-sao-jose-do-1238624655
"Casa com 1 dormitório à venda, 40 m² por R$ 114.000,00 - Alta Floresta - Potirendaba/SP",R$ 114.000,Potirendaba,1,2,40m²,1,450,,https://sp.olx.com.br/regiao-de-sao-jose-do-rio-preto/imoveis/casa-com-1-dormitorio-a-venda-40-m-por-r-114-000-00-alta-floresta-potirendaba-sp-1238624510
"Sobrado com 3 dormitórios à venda, 247 m² por R$ 148.000,00 - Residencial Maza - São José",R$ 148.000,"São José do Rio Preto, Centro (Engenheiro Schmitt)",3,,247m²,3,,,https://sp.olx.com.br/regiao-de-sao-jose-do-rio-preto/imoveis/sobrado-com-3-dormitorios-a-venda-247-m-por-r-148-000-00-residencial-maza-sao-jose-1238624418
"Casa com 2 dormitórios à venda, 70 m² por R$ 100.000,00 - Jardim Simões - São José do Rio",R$ 100.000,"São José do Rio Preto, Jardim Simões",2,,70m²,1,,,https://sp.olx.com.br/regiao-de-sao-jose-do-rio-preto/imoveis/casa-com-2-dormitorios-a-venda-70-m-por-r-100-000-00-jardim-simoes-sao-jose-do-rio-1238624342
"Casa com 2 dormitórios à venda, 60 m² por R$ 76.504,50 - Centro - Ibirá/SP",R$ 76.505,Ibirá,2,1,60m²,1,,,https://sp.olx.com.br/regiao-de-sao-jose-do-rio-preto/imoveis/casa-com-2-dormitorios-a-venda-60-m-por-r-76-504-50-centro-ibira-sp-1238608473
Ó   Ã É,R$ 130.000,"Mirassol, Jardim São José",3,,60m²,1,,,https://sp.olx.com.br/regiao-de-sao-jose-do-rio-preto/imoveis/o-a-e-1238550332
"Casa para venda com 3 quartos - Jardim Planalto, São José do Rio Preto - SP",R$ 75.750,"São José do Rio Preto, Jardim Planalto",3,2,155m²,2,,,https://sp.olx.com.br/regiao-de-sao-jose-do-rio-preto/imoveis/casa-para-venda-com-3-quartos-jardim-planalto-sao-jose-do-rio-preto-sp-1238449466
"Casa com 2 dormitórios à venda, 37 m² por R$ 120.000,00 - Vila Elmaz - São José do Rio Pre",R$ 120.000,"São José do Rio Preto, Residencial Vitória Régia",2,2,37m²,1,20,245,https://sp.olx.com.br/regiao-de-sao-jose-do-rio-preto/imoveis/casa-com-2-dormitorios-a-venda-37-m-por-r-120-000-00-vila-elmaz-sao-jose-do-rio-pre-1238394537
"VENDA | Casa, com 2 quartos em RESIDENCIAL LAGO SUL, BADY BASSITT",R$ 130.000,Bady Bassitt,2,,47m²,1,,,https://sp.olx.com.br/regiao-de-sao-jose-do-rio-preto/imoveis/venda-casa-com-2-quartos-em-residencial-lago-sul-bady-bassitt-1238264984
"Casa com 2 dormitórios à venda, 60 m² por R$ 140.000,00 - Jardim Simões - São José do Rio",R$ 140.000,"São José do Rio Preto, Jardim Simões",2,,60m²,1,,,https://sp.olx.com.br/regiao-de-sao-jose-do-rio-preto/imoveis/casa-com-2-dormitorios-a-venda-60-m-por-r-140-000-00-jardim-simoes-sao-jose-do-rio-1238199620
"VENDA | Casa, com 2 quartos em JARDIM TANGARA, BADY BASSITT",R$ 118.000,Bady Bassitt,2,,62m²,1,,,https://sp.olx.com.br/regiao-de-sao-jose-do-rio-preto/imoveis/venda-casa-com-2-quartos-em-jardim-tangara-bady-bassitt-1238088954
"Casa com 1 dormitório à venda por R$ 120.000,00 - São Thomaz - São José do Rio Preto/SP",R$ 120.000,"São José do Rio Preto, Residencial São Thomaz",1,5+,200m²,1,80,,https://sp.olx.com.br/regiao-de-sao-jose-do-rio-preto/imoveis/casa-com-1-dormitorio-a-venda-por-r-120-000-00-sao-thomaz-sao-jose-do-rio-preto-sp-1237856830
"Sobrado com 2 dormitórios à venda, 57 m² por R$ 135.000 - Jardim dos Ipês - Bady Bassitt/S",R$ 135.000,Bady Bassitt,2,1,57m²,1,20,,https://sp.olx.com.br/regiao-de-sao-jose-do-rio-preto/imoveis/sobrado-com-2-dormitorios-a-venda-57-m-por-r-135-000-jardim-dos-ipes-bady-bassitt-s-1237848072
"Casa com 1 dormitório à venda, 60 m² por R$ 105.000,00 - Eldorado - São José do Rio Preto/",R$ 105.000,"São José do Rio Preto, Eldorado",1,2,60m²,1,,,https://sp.olx.com.br/regiao-de-sao-jose-do-rio-preto/imoveis/casa-com-1-dormitorio-a-venda-60-m-por-r-105-000-00-eldorado-sao-jose-do-rio-preto-1237844126
"Sobrado com 2 dormitórios à venda, 57 m² por R$ 135.000,00 - Jardim dos Ipês - Bady Bassit",R$ 135.000,Bady Bassitt,2,1,57m²,2,,,https://sp.olx.com.br/regiao-de-sao-jose-do-rio-preto/imoveis/sobrado-com-2-dormitorios-a-venda-57-m-por-r-135-000-00-jardim-dos-ipes-bady-bassit-1237836062
"Casa com 3 dormitórios à venda, 80 m² por R$ 145.000,00 - Solo Sagrado - São José do Rio P",R$ 145.000,"São José do Rio Preto, Solo Sagrado",3,2,80m²,1,50,,https://sp.olx.com.br/regiao-de-sao-jose-do-rio-preto/imoveis/casa-com-3-dormitorios-a-venda-80-m-por-r-145-000-00-solo-sagrado-sao-jose-do-rio-p-1237836011
JOSE BONIFACIO - Casa Padrão -              RESIDENCIAL VITORIA,R$ 113.000,José Bonifácio,2,,275m²,1,,,https://sp.olx.com.br/regiao-de-sao-jose-do-rio-preto/imoveis/jose-bonifacio-casa-padrao---residencial-vitoria-1237671371
Casa para venda em Jardim Itapema de 121.00m² com 2 Quartos,R$ 115.000,"São José do Rio Preto, Jardim Itapema",2,,121m²,1,551,,https://sp.olx.com.br/regiao-de-sao-jose-do-rio-preto/imoveis/casa-para-venda-em-jardim-itapema-de-121-00m-com-2-quartos-1237639247
"VENDA | Casa, com 1 quartos em RESIDENCIAL LAGO SUL, BADY BASSITT",R$ 77.000,Bady Bassitt,1,,38m²,1,,,https://sp.olx.com.br/regiao-de-sao-jose-do-rio-preto/imoveis/venda-casa-com-1-quartos-em-residencial-lago-sul-bady-bassitt-1237503386
"Casa em Condomínio para Venda em São José do Rio Preto, Residencial Jardim das Acácias, 2",R$ 135.000,"São José do Rio Preto, Residencial Jardim das Acácias",2,1,150m²,1,100,150,https://sp.olx.com.br/regiao-de-sao-jose-do-rio-preto/imoveis/casa-em-condominio-para-venda-em-sao-jose-do-rio-preto-residencial-jardim-das-acacias-2-1237459806
Casa em Rio Preto - 200m² - Nato Vetorazzo,R$ 102.500,"São José do Rio Preto, Residencial Nato Vetorasso",1,,200m²,,,,https://sp.olx.com.br/regiao-de-sao-jose-do-rio-preto/imoveis/casa-em-rio-preto-200m-nato-vetorazzo-1192806682
"Casa com 3 dormitórios à venda, 110 m² por R$ 68.000,00 - Florida Park - São José do Rio P",R$ 68.000,"São José do Rio Preto, Residencial Flórida Park",3,2,110m²,2,,,https://sp.olx.com.br/regiao-de-sao-jose-do-rio-preto/imoveis/casa-com-3-dormitorios-a-venda-110-m-por-r-68-000-00-florida-park-sao-jose-do-rio-p-1237051616
"More em condominio, entrada facilitada",R$ 899,"São José do Rio Preto, Centro",2,,,,,,https://sp.olx.com.br/regiao-de-sao-jose-do-rio-preto/imoveis/more-em-condominio-entrada-facilitada-1058619541
"3 dormitórios, sendo suite - casa condomínio",R$ 14.000,"São José do Rio Preto, Centro",3,,,2,,,https://sp.olx.com.br/regiao-de-sao-jose-do-rio-preto/imoveis/3-dormitorios-sendo-suite-casa-condominio-1158605526
"Casa com 2 dormitórios à venda, 45 m² por R$ 70.000,00 - Jardim Aurora - Bady Bassitt/SP",R$ 70.000,Bady Bassitt,2,2,45m²,1,,,https://sp.olx.com.br/regiao-de-sao-jose-do-rio-preto/imoveis/casa-com-2-dormitorios-a-venda-45-m-por-r-70-000-00-jardim-aurora-bady-bassitt-sp-1236735235
"Casa com 1 dormitório à venda, 51 m² por R$ 120.000,00 - Loteamento Vale do Sol - Mirassol",R$ 120.000,Mirassol,1,5+,51m²,1,20,,https://sp.olx.com.br/regiao-de-sao-jose-do-rio-preto/imoveis/casa-com-1-dormitorio-a-venda-51-m-por-r-120-000-00-loteamento-vale-do-sol-mirassol-1236734714
"Casa com 2 dormitórios à venda, 43 m² por R$ 75.000,00 - Jardim Palmeiras  - Bady Bassitt/",R$ 75.000,Bady Bassitt,2,2,43m²,1,,,https://sp.olx.com.br/regiao-de-sao-jose-do-rio-preto/imoveis/casa-com-2-dormitorios-a-venda-43-m-por-r-75-000-00-jardim-palmeiras-bady-bassitt-1236732872
"Casa com 2 dormitórios à venda, 60 m² por R$ 110.000,00 - Loteamento Parque Nova Esperança",R$ 110.000,"São José do Rio Preto, Loteamento Parque Nova Esperança",2,2,60m²,1,,,https://sp.olx.com.br/regiao-de-sao-jose-do-rio-preto/imoveis/casa-com-2-dormitorios-a-venda-60-m-por-r-110-000-00-loteamento-parque-nova-esperanca-1236732753
"Oportunidade. Casa para venda em São Jose do Rio Preto-SP no Egydio Zani, 2 dormitotrios,",R$ 97.588,"São José do Rio Preto, Egydio Zani",2,,45m²,1,,,https://sp.olx.com.br/regiao-de-sao-jose-do-rio-preto/imoveis/oportunidade-casa-para-venda-em-sao-jose-do-rio-preto-sp-no-egydio-zani-2-dormitotrios-1236725046
Casa para venda em Loteamento Parque Nova Esperança de 100.00m² com 2 Quartos e 2 Garagens,R$ 110.000,"São José do Rio Preto, Loteamento Parque Nova Esperança",2,2,100m²,1,1,,https://sp.olx.com.br/regiao-de-sao-jose-do-rio-preto/imoveis/casa-para-venda-em-loteamento-parque-nova-esperanca-de-100-00m-com-2-quartos-e-2-garagens-1236254526
"Casa com 3 dormitórios à venda, 90 m² por R$ 110.000,00 - Vila Toninho - São José do Rio P",R$ 110.000,"São José do Rio Preto, Vila Toninho",3,2,90m²,2,60,,https://sp.olx.com.br/regiao-de-sao-jose-do-rio-preto/imoveis/casa-com-3-dormitorios-a-venda-90-m-por-r-110-000-00-vila-toninho-sao-jose-do-rio-p-1235668527
Casa para venda em Residencial Cidade Alta de 49.00m² com 1 Quarto,R$ 96.667,"São José do Rio Preto, Residencial Cidade Alta",1,,49m²,2,1,,https://sp.olx.com.br/regiao-de-sao-jose-do-rio-preto/imoveis/casa-para-venda-em-residencial-cidade-alta-de-49-00m-com-1-quarto-1235661669
Casa para venda Residencial Parque dos Ipes Mirassol,R$ 135.000,"Mirassol, Residencial Parque dos Ipês II",2,2,85m²,1,,,https://sp.olx.com.br/regiao-de-sao-jose-do-rio-preto/imoveis/casa-para-venda-residencial-parque-dos-ipes-mirassol-1235254157
Cezar é ferreira carta de crédito de consórcio de imóveis,R$ 130.000,"São José do Rio Preto, Residencial Vila Madalena",2,2,70m²,2,,,https://sp.olx.com.br/regiao-de-sao-jose-do-rio-preto/imoveis/cezar-e-ferreira-carta-de-credito-de-consorcio-de-imoveis-1097826083
"Oportunidade! Casa 49,38m² Área PV abaixo valor mercado Ribeirão Preto/SP - Rafael Matias",R$ 96.119,"São José do Rio Preto, Residencial Cidade Alta",2,,49m²,1,,,https://sp.olx.com.br/regiao-de-sao-jose-do-rio-preto/imoveis/oportunidade-casa-49-38m-area-pv-abaixo-valor-mercado-ribeirao-preto-sp-rafael-matias-1235054474
"Oportunidade. Casa para venda em São Jose do Rio Preto-SP no Parque da Cidadania, 2 dormit",R$ 90.105,"São José do Rio Preto, Parque da Cidadania",2,1,68m²,1,,,https://sp.olx.com.br/regiao-de-sao-jose-do-rio-preto/imoveis/oportunidade-casa-para-venda-em-sao-jose-do-rio-preto-sp-no-parque-da-cidadania-2-dormit-1234369336
"Oportunidade leilão Santander - Potirendaba, Buque de Flores - 06/10",R$ 102.600,"Potirendaba, Centro",2,1,128m²,2,494,,https://sp.olx.com.br/regiao-de-sao-jose-do-rio-preto/imoveis/oportunidade-leilao-santander-potirendaba-buque-de-flores-06-10-1234345920
Casa para venda em Vila Redentora de 27.50m² com 1 Quarto,R$ 85.000,"São José do Rio Preto, Vila Redentora",1,,28m²,1,25,253,https://sp.olx.com.br/regiao-de-sao-jose-do-rio-preto/imoveis/casa-para-venda-em-vila-redentora-de-27-50m-com-1-quarto-1234036377
#Rancho No #Pedregal com Ótimo  Valor,R$ 140.000,Guaraci,2,2,140m²,2,200,,https://sp.olx.com.br/regiao-de-sao-jose-do-rio-preto/imoveis/rancho-no-pedregal-com-otimo-valor-1029489347
"Oportunidade. Casa para venda em Guapiaçu-SP, 2  dormitorios, area construida 94 m2 em um",R$ 121.800,Guapiaçu,2,1,94m²,1,,,https://sp.olx.com.br/regiao-de-sao-jose-do-rio-preto/imoveis/oportunidade-casa-para-venda-em-guapiacu-sp-2-dormitorios-area-construida-94-m2-em-um-1233970880
casa com piscina no Moreira Guimarães,R$ 130.000,"Mirassol, Residencial Moreira e Guimarães",2,3,90m²,2,,,https://sp.olx.com.br/regiao-de-sao-jose-do-rio-preto/imoveis/casa-com-piscina-no-moreira-guimaraes-1233961253
SAO JOSE DO RIO PRETO - Casa Padrão -              BOA VISTA,R$ 124.568,"São José do Rio Preto, Vila Curti",2,,228m²,1,,,https://sp.olx.com.br/regiao-de-sao-jose-do-rio-preto/imoveis/sao-jose-do-rio-preto-casa-padrao---boa-vista-1233935530
"Casa com 2 dormitórios à venda, 70 m² por R$ 130.000,00 - Amizade - São José do Rio Preto/",R$ 130.000,"São José do Rio Preto, Loteamento Parque Residencial da Amizade",2,5+,70m²,1,20,,https://sp.olx.com.br/regiao-de-sao-jose-do-rio-preto/imoveis/casa-com-2-dormitorios-a-venda-70-m-por-r-130-000-00-amizade-sao-jose-do-rio-preto-1233596213
"Casa com 2 dormitórios à venda, 140 m² por R$ 130.000 - Parque da Cidadania - São José do",R$ 130.000,"São José do Rio Preto, Parque da Cidadania",2,3,140m²,1,,,https://sp.olx.com.br/regiao-de-sao-jose-do-rio-preto/imoveis/casa-com-2-dormitorios-a-venda-140-m-por-r-130-000-parque-da-cidadania-sao-jose-do-1233589681
"Casa com 2 dormitórios à venda, 120 m² por R$ 140.000,00 - Solo Sagrado I - São José do Ri",R$ 140.000,"São José do Rio Preto, Solo Sagrado I",2,2,120m²,1,,,https://sp.olx.com.br/regiao-de-sao-jose-do-rio-preto/imoveis/casa-com-2-dormitorios-a-venda-120-m-por-r-140-000-00-solo-sagrado-i-sao-jose-do-ri-1233586768
"Casa com 2 dormitórios à venda, 60 m² por R$ 100.000,00 - São Miguel - Uchoa/SP",R$ 100.000,Uchoa,2,3,60m²,1,,,https://sp.olx.com.br/regiao-de-sao-jose-do-rio-preto/imoveis/casa-com-2-dormitorios-a-venda-60-m-por-r-100-000-00-sao-miguel-uchoa-sp-1233577960
"Casa com 2 dormitórios à venda, 43 m² por R$ 55.000,00 - Residencial Maria Clara - São Jos",R$ 55.000,"São José do Rio Preto, Parque das Flores II",2,2,43m²,1,60,,https://sp.olx.com.br/regiao-de-sao-jose-do-rio-preto/imoveis/casa-com-2-dormitorios-a-venda-43-m-por-r-55-000-00-residencial-maria-clara-sao-jos-1233577489
Casa em Leilão - Buquê de Flores - Potirendaba - SP,R$ 102.600,Potirendaba,2,,89m²,2,,,https://sp.olx.com.br/regiao-de-sao-jose-do-rio-preto/imoveis/casa-em-leilao-buque-de-flores-potirendaba-sp-1233562210
BADY BASSITT - Casa Padrão -              AURORA I,R$ 149.000,Bady Bassitt,2,1,200m²,1,,,https://sp.olx.com.br/regiao-de-sao-jose-do-rio-preto/imoveis/bady-bassitt-casa-padrao---aurora-i-1233415318
"Casa com 2 dormitórios à venda, 93 m² por R$ 130.000,00 - Loteamento Residencial Celina Da",R$ 130.000,Mirassol,2,3,93m²,1,,,https://sp.olx.com.br/regiao-de-sao-jose-do-rio-preto/imoveis/casa-com-2-dormitorios-a-venda-93-m-por-r-130-000-00-loteamento-residencial-celina-da-1233044155
"Casa com 2 dormitórios à venda, 121 m² por R$ 115.000,00 - Jardim Itapema - São José do Ri",R$ 115.000,"São José do Rio Preto, Jardim Itapema",2,,121m²,1,551,,https://sp.olx.com.br/regiao-de-sao-jose-do-rio-preto/imoveis/casa-com-2-dormitorios-a-venda-121-m-por-r-115-000-00-jardim-itapema-sao-jose-do-ri-1232912752
"Casa 2 dormitórios opção de 3, sala., Copa , cozinha , área coberta",R$ 142.000,Monte Aprazível,2,3,76m²,2,,,https://sp.olx.com.br/regiao-de-sao-jose-do-rio-preto/imoveis/casa-2-dormitorios-opcao-de-3-sala-copa-cozinha-area-coberta-1207063163
imóvel a venda,R$ 145.000,"São José do Rio Preto, Jardim João Paulo II",3,2,100m²,2,,,https://sp.olx.com.br/regiao-de-sao-jose-do-rio-preto/imoveis/imovel-a-venda-1231314213
"Sobrado 3 dormitórios, sendo um suite com lavabo",R$ 15.000,"São José do Rio Preto, Centro",3,,,3,,,https://sp.olx.com.br/regiao-de-sao-jose-do-rio-preto/imoveis/sobrado-3-dormitorios-sendo-um-suite-com-lavabo-1124018844
Casas 3 dormitórios com suite em condominio.,R$ 15.000,"São José do Rio Preto, Centro",3,,,2,,,https://sp.olx.com.br/regiao-de-sao-jose-do-rio-preto/imoveis/casas-3-dormitorios-com-suite-em-condominio-1074908337
Casas em condomínio - 3min. Shopping Iguatemi - 3 dormitórios ou 2 suítes,R$ 18.000,"São José do Rio Preto, Centro",3,,,3,,,https://sp.olx.com.br/regiao-de-sao-jose-do-rio-preto/imoveis/casas-em-condominio-3min-shopping-iguatemi-3-dormitorios-ou-2-suites-829844858
casas em condominio com entrega para ano que vem,R$ 999,"São José do Rio Preto, Centro",2,,,,,,https://sp.olx.com.br/regiao-de-sao-jose-do-rio-preto/imoveis/casas-em-condominio-com-entrega-para-ano-que-vem-1101844796
Casas em condomínio - próximas ao Damha Fit Ipigua Rio Preto,R$ 949,"São José do Rio Preto, Centro",2,,,,,,https://sp.olx.com.br/regiao-de-sao-jose-do-rio-preto/imoveis/casas-em-condominio-proximas-ao-damha-fit-ipigua-rio-preto-1095921952
Grande lançamento ! Casas em Condominio ! 2  e 3 dormitórios com suite!,R$ 14.500,"São José do Rio Preto, Centro",3,,,2,,,https://sp.olx.com.br/regiao-de-sao-jose-do-rio-preto/imoveis/grande-lancamento-casas-em-condominio-2-e-3-dormitorios-com-suite-1077994066
Imóvel com 224m² em S.J Rio Preto,R$ 144.600,"São José do Rio Preto, Conjunto Habitacional Costa do Sol",1,,224m²,,,,https://sp.olx.com.br/regiao-de-sao-jose-do-rio-preto/imoveis/imovel-com-224m-em-s-j-rio-preto-1193208287
Oportunidade! Casa 65m² Área PV 200m² TR abaixo vr merc São José do Rio Preto/SP - Rafael,R$ 99.797,"São José do Rio Preto, Solo Sagrado I",2,,65m²,1,,,https://sp.olx.com.br/regiao-de-sao-jose-do-rio-preto/imoveis/oportunidade-casa-65m-area-pv-200m-tr-abaixo-vr-merc-sao-jose-do-rio-preto-sp-rafael-1231037515
"Casa com 3 dormitórios à venda, 70 m² por R$ 120.000 - Residencial Duas Vendas - São José",R$ 120.000,"São José do Rio Preto, Conjunto Habitacional Duas Vendas",3,,70m²,2,,,https://sp.olx.com.br/regiao-de-sao-jose-do-rio-preto/imoveis/casa-com-3-dormitorios-a-venda-70-m-por-r-120-000-residencial-duas-vendas-sao-jose-1230734748
Casa para venda Financiada,R$ 110.000,"São José do Rio Preto, Residencial Mirante",2,2,221m²,2,50,,https://sp.olx.com.br/regiao-de-sao-jose-do-rio-preto/imoveis/casa-para-venda-financiada-1230665394
"Casa com 2 dormitórios à venda, 50 m² por R$ 122.740,00 - Loteamento Residencial Celina Da",R$ 122.740,Mirassol,2,2,50m²,2,,,https://sp.olx.com.br/regiao-de-sao-jose-do-rio-preto/imoveis/casa-com-2-dormitorios-a-venda-50-m-por-r-122-740-00-loteamento-residencial-celina-da-1230327133
"Oportunidade! Casa 50,22m² Área PV abaixo valor mercado Mirassol/SP - Rafael Matias",R$ 122.740,"Mirassol, Parque Residencial Celina Dalul",2,2,50m²,2,,,https://sp.olx.com.br/regiao-de-sao-jose-do-rio-preto/imoveis/oportunidade-casa-50-22m-area-pv-abaixo-valor-mercado-mirassol-sp-rafael-matias-1230172628
Vendo Casa 03 Dormitórios na Vila Anchieta - Rio Preto - SP,R$ 140.000,"São José do Rio Preto, Jardim Caparroz",3,2,100m²,2,,,https://sp.olx.com.br/regiao-de-sao-jose-do-rio-preto/imoveis/vendo-casa-03-dormitorios-na-vila-anchieta-rio-preto-sp-1206675593
"Santo Antônio - Casa com 2 dormitórios à venda, 60 m² por R$ 85.000 - Jardim Santo Antônio",R$ 85.000,"São José do Rio Preto, Jardim Santo Antônio",2,3,60m²,1,,,https://sp.olx.com.br/regiao-de-sao-jose-do-rio-preto/imoveis/santo-antonio-casa-com-2-dormitorios-a-venda-60-m-por-r-85-000-jardim-santo-antonio-1228000303
JOSE BONIFACIO - Casa Padrão -              JARDIM VITORIANO,R$ 136.041,José Bonifácio,2,1,200m²,1,,,https://sp.olx.com.br/regiao-de-sao-jose-do-rio-preto/imoveis/jose-bonifacio-casa-padrao---jardim-vitoriano-1227793674
Casas região sul em cond.,R$ 1.300,"São José do Rio Preto, Centro",3,,,2,,,https://sp.olx.com.br/regiao-de-sao-jose-do-rio-preto/imoveis/casas-regiao-sul-em-cond-1151549363
"Casa-De Fundos c/Corredor Lateral, c/ 2 dormitórios à venda, 65 m² por R$ 120.000 - Jardim",R$ 120.000,"São José do Rio Preto, Jardim Itapema",2,1,65m²,1,32,,https://sp.olx.com.br/regiao-de-sao-jose-do-rio-preto/imoveis/casa-de-fundos-c-corredor-lateral-c-2-dormitorios-a-venda-65-m-por-r-120-000-jardim-1227632099
SAO JOSE DO RIO PRETO - Casa Padrão -              JARDIM MUGNAINI,R$ 103.800,"São José do Rio Preto, Jardim Mugnaini",1,,216m²,1,,,https://sp.olx.com.br/regiao-de-sao-jose-do-rio-preto/imoveis/sao-jose-do-rio-preto-casa-padrao---jardim-mugnaini-1227596552
Casa para venda em Jardim Itapema de 121.00m² com 2 Quartos,R$ 115.000,"São José do Rio Preto, Jardim Itapema",2,,121m²,1,551,,https://sp.olx.com.br/regiao-de-sao-jose-do-rio-preto/imoveis/casa-para-venda-em-jardim-itapema-de-121-00m-com-2-quartos-1227212359
"Casa com 2 dormitórios à venda, 60 m² por R$ 76.504,50 - Residencial São Benedito - Ibirá/",R$ 76.505,Ibirá,2,1,60m²,1,,,https://sp.olx.com.br/regiao-de-sao-jose-do-rio-preto/imoveis/casa-com-2-dormitorios-a-venda-60-m-por-r-76-504-50-residencial-sao-benedito-ibira-1226699995
IBIRA - Casa Padrão -              RES SAO BENEDITO,R$ 76.504,Ibirá,2,,148m²,1,,,https://sp.olx.com.br/regiao-de-sao-jose-do-rio-preto/imoveis/ibira-casa-padrao---res-sao-benedito-1226680756
SAO JOSE DO RIO PRETO - Casa Padrão -              CONDOMINIO RESIDENCIAL PARQUE DA LI,R$ 106.906,"São José do Rio Preto, Condomínio Residencial Parque da Liberdade I",2,1,80m²,1,,,https://sp.olx.com.br/regiao-de-sao-jose-do-rio-preto/imoveis/sao-jose-do-rio-preto-casa-padrao---condominio-residencial-parque-da-li-1226680736
BADY BASSITT - Casa Padrão -              AURORA I,R$ 91.292,Bady Bassitt,2,,206m²,1,,,https://sp.olx.com.br/regiao-de-sao-jose-do-rio-preto/imoveis/bady-bassitt-casa-padrao---aurora-i-1226680595
NOVA GRANADA - Casa Padrão -              JD UNIVERSO,R$ 147.000,Nova Granada,2,,209m²,1,,,https://sp.olx.com.br/regiao-de-sao-jose-do-rio-preto/imoveis/nova-granada-casa-padrao---jd-universo-1226680532
SAO JOSE DO RIO PRETO - Casa Padrão -              PARQUE RESIDENCIAL DA FRATERNIDADE,R$ 131.571,"São José do Rio Preto, Parque Residencial da Fraternidade 2",2,1,200m²,1,,,https://sp.olx.com.br/regiao-de-sao-jose-do-rio-preto/imoveis/sao-jose-do-rio-preto-casa-padrao---parque-residencial-da-fraternidade-1226680333
IBIRA - RES SAO BENEDITO - Oportunidade Única em IBIRA - SP | Tipo: Casa | Negociação: Ven,R$ 76.504,Ibirá,2,,148m²,1,,,https://sp.olx.com.br/regiao-de-sao-jose-do-rio-preto/imoveis/ibira-res-sao-benedito-oportunidade-unica-em-ibira-sp-tipo-casa-negociacao-ven-1226442876
"Oportunidade. Casa para venda em Jose Bonifacio-SP no Residencial Vitoria, 2 dormitotrios,",R$ 94.440,José Bonifácio,2,1,56m²,1,,,https://sp.olx.com.br/regiao-de-sao-jose-do-rio-preto/imoveis/oportunidade-casa-para-venda-em-jose-bonifacio-sp-no-residencial-vitoria-2-dormitotrios-1225487328
SAO JOSE DO RIO PRETO - Residential / Home - VILA ANGÉLICA,R$ 80.000,"São José do Rio Preto, Vila Angélica",2,,127m²,1,,,https://sp.olx.com.br/regiao-de-sao-jose-do-rio-preto/imoveis/sao-jose-do-rio-preto-residential-home-vila-angelica-1225438978
Vendo casa Solo Sagrado,R$ 145.000,"São José do Rio Preto, Solo Sagrado I",3,2,170m²,2,,,https://sp.olx.com.br/regiao-de-sao-jose-do-rio-preto/imoveis/vendo-casa-solo-sagrado-1071540112
Casas na planta em Condomínio - Garden Rodobens,R$ 759,"São José do Rio Preto, Centro",2,,,1,,,https://sp.olx.com.br/regiao-de-sao-jose-do-rio-preto/imoveis/casas-na-planta-em-condominio-garden-rodobens-858867361
"Casas de 2 e 3 dormitorios, conhece o decorado - prox. shop. iguatemi",R$ 1.500,"São José do Rio Preto, Centro",3,,,,,,https://sp.olx.com.br/regiao-de-sao-jose-do-rio-preto/imoveis/casas-de-2-e-3-dormitorios-conhece-o-decorado-prox-shop-iguatemi-1147125394
Casas 2 ou 3 dormitorios - cond. lazer completo.,R$ 1.400,"São José do Rio Preto, Centro",3,,,,,,https://sp.olx.com.br/regiao-de-sao-jose-do-rio-preto/imoveis/casas-2-ou-3-dormitorios-cond-lazer-completo-1172260299
Casas na planta - Raízes Imperial - Prox. Shopping Iguatemi,R$ 20.000,"São José do Rio Preto, Centro",3,,,3,,,https://sp.olx.com.br/regiao-de-sao-jose-do-rio-preto/imoveis/casas-na-planta-raizes-imperial-prox-shopping-iguatemi-875069122
"Casas em Condomínio com 3 dormitórios, sendo um suíte - Rio Preto",R$ 25.000,"São José do Rio Preto, Centro",3,,,3,,,https://sp.olx.com.br/regiao-de-sao-jose-do-rio-preto/imoveis/casas-em-condominio-com-3-dormitorios-sendo-um-suite-rio-preto-883323005
"Casa com 3 dormitórios à venda, 90 m² por R$ 130.000,00 - Vila Angélica - São José do Rio",R$ 130.000,"São José do Rio Preto, Vila Angélica",3,,90m²,1,,,https://sp.olx.com.br/regiao-de-sao-jose-do-rio-preto/imoveis/casa-com-3-dormitorios-a-venda-90-m-por-r-130-000-00-vila-angelica-sao-jose-do-rio-1224489993
"LINDA CASA RESIDENCIAL NO BAIRRO NOVA ESPERANÇA, IMÓVEL QUITADO, EM PERFEITO ESTADO, ACEIT",R$ 115.000,"São José do Rio Preto, Loteamento Parque Nova Esperança",2,3,120m²,2,,,https://sp.olx.com.br/regiao-de-sao-jose-do-rio-preto/imoveis/linda-casa-residencial-no-bairro-nova-esperanca-imovel-quitado-em-perfeito-estado-aceit-1223166107
Casa com Edícula no Solo Sagrado,R$ 145.000,"São José do Rio Preto, Solo Sagrado I",3,2,140m²,2,,,https://sp.olx.com.br/regiao-de-sao-jose-do-rio-preto/imoveis/casa-com-edicula-no-solo-sagrado-1222953757
Casas em condomínio com lazer completo,R$ 889,"São José do Rio Preto, Centro",2,,,,,,https://sp.olx.com.br/regiao-de-sao-jose-do-rio-preto/imoveis/casas-em-condominio-com-lazer-completo-1042582839
"Casa com 2 dorms, Vila Toninho, São José do Rio Preto - R$ 149 mil, Cod: 12391",R$ 149.000,"São José do Rio Preto, Vila Toninho",2,5+,60m²,2,748,,https://sp.olx.com.br/regiao-de-sao-jose-do-rio-preto/imoveis/casa-com-2-dorms-vila-toninho-sao-jose-do-rio-preto-r-149-mil-cod-12391-1222747213
Casas em condomínio - 3 minutos do Shopping Iguatemi,R$ 859,"São José do Rio Preto, Centro",2,,,1,,,https://sp.olx.com.br/regiao-de-sao-jose-do-rio-preto/imoveis/casas-em-condominio-3-minutos-do-shopping-iguatemi-931773734
"Casas em Condominio Regiao Leste - 3 dormitórios, sendo um com suite",R$ 21.000,"São José do Rio Preto, Centro",3,,,2,,,https://sp.olx.com.br/regiao-de-sao-jose-do-rio-preto/imoveis/casas-em-condominio-regiao-leste-3-dormitorios-sendo-um-com-suite-1090633202
SAO JOSE DO RIO PRETO - Residential / Home - CONJUNTO HABITACIONAL SÃO JOSÉ DO RIO PRETO,R$ 135.000,"São José do Rio Preto, Conjunto Habitacional São José do Rio Preto",3,1,200m²,1,,,https://sp.olx.com.br/regiao-de-sao-jose-do-rio-preto/imoveis/sao-jose-do-rio-preto-residential-home-conjunto-habitacional-sao-jose-do-rio-preto-1221411531
Casa em   Rua Benedito Fernandes Menezes - Baguacu - Baguaçu/SP,R$ 139.250,"Olímpia, Baguaçu",2,2,46m²,1,259,1,https://sp.olx.com.br/regiao-de-sao-jose-do-rio-preto/imoveis/casa-em-rua-benedito-fernandes-menezes-baguacu-baguacu-sp-1221158514
Casa pra Venda Jd Mônaco,R$ 85.000,Bady Bassitt,2,2,50m²,1,,,https://sp.olx.com.br/regiao-de-sao-jose-do-rio-preto/imoveis/casa-pra-venda-jd-monaco-1221153661
"Casa com 2 dormitórios à venda, 60 m² por R$ 110.000,00 - Loteamento Parque Nova Esperança",R$ 110.000,"São José do Rio Preto, Loteamento Parque Nova Esperança",2,2,60m²,1,,,https://sp.olx.com.br/regiao-de-sao-jose-do-rio-preto/imoveis/casa-com-2-dormitorios-a-venda-60-m-por-r-110-000-00-loteamento-parque-nova-esperanca-1221023867
"Casa com 2 dormitórios à venda, 45 m² por R$ 70.000,00 - Jardim Aurora - Bady Bassitt/SP",R$ 70.000,Bady Bassitt,2,2,45m²,1,,,https://sp.olx.com.br/regiao-de-sao-jose-do-rio-preto/imoveis/casa-com-2-dormitorios-a-venda-45-m-por-r-70-000-00-jardim-aurora-bady-bassitt-sp-1221001925
"Casa 54,73m² Área PV 279,97m² TR abaixo valor de mercado São José do Rio Preto/SP - Rafael",R$ 113.340,"São José do Rio Preto, Jardim dos Buritis",2,,54m²,1,,,https://sp.olx.com.br/regiao-de-sao-jose-do-rio-preto/imoveis/casa-54-73m-area-pv-279-97m-tr-abaixo-valor-de-mercado-sao-jose-do-rio-preto-sp-rafael-1220378459
Casa Padrão em São José do Rio Preto,R$ 90.000,"São José do Rio Preto, Parque Industrial",2,1,56m²,1,,,https://sp.olx.com.br/regiao-de-sao-jose-do-rio-preto/imoveis/casa-padrao-em-sao-jose-do-rio-preto-1220277060
MIRASSOL - Casa Padrão -              PARQUE RESIDENCIAL CELINA DALUL,R$ 122.740,"Mirassol, Parque Residencial Celina Dalul",2,2,10m²,1,,,https://sp.olx.com.br/regiao-de-sao-jose-do-rio-preto/imoveis/mirassol-casa-padrao---parque-residencial-celina-dalul-1219857843
MIRASSOL - PARQUE RESIDENCIAL CELINA DALUL - Oportunidade Única em MIRASSOL - SP | Tipo: C,R$ 122.740,"Mirassol, Parque Residencial Celina Dalul",2,2,50m²,1,,,https://sp.olx.com.br/regiao-de-sao-jose-do-rio-preto/imoveis/mirassol-parque-residencial-celina-dalul-oportunidade-unica-em-mirassol-sp-tipo-c-1219822699
"Casa com 3 dorms, Residencial Morada do Sol, São José do Rio Preto - R$ 125 mil, Cod: 1175",R$ 125.000,"São José do Rio Preto, Residencial Morada do Sol",3,2,200m²,2,,,https://sp.olx.com.br/regiao-de-sao-jose-do-rio-preto/imoveis/casa-com-3-dorms-residencial-morada-do-sol-sao-jose-do-rio-preto-r-125-mil-cod-1175-1219721875
"Santo Antônio - Casa com 3 dormitórios, 180 m² - venda por R$ 120.000 ou aluguel por R$ 94",R$ 120.000,"São José do Rio Preto, Jardim Santo Antônio",3,2,180m²,2,40,,https://sp.olx.com.br/regiao-de-sao-jose-do-rio-preto/imoveis/santo-antonio-casa-com-3-dormitorios-180-m-venda-por-r-120-000-ou-aluguel-por-r-94-1219703743
SAO JOSE DO RIO PRETO - Residential / Home - VILA SÃO JORGE,R$ 130.000,"São José do Rio Preto, Eldorado",2,5+,70m²,1,,,https://sp.olx.com.br/regiao-de-sao-jose-do-rio-preto/imoveis/sao-jose-do-rio-preto-residential-home-vila-sao-jorge-1218503147
SAO JOSE DO RIO PRETO - Residential / Home - RESIDENCIAL FLORESTA PARK,R$ 130.000,"São José do Rio Preto, Residencial Floresta Park (Zona Rural)",3,2,100m²,2,130,,https://sp.olx.com.br/regiao-de-sao-jose-do-rio-preto/imoveis/sao-jose-do-rio-preto-residential-home-residencial-floresta-park-1218502676
"Casa na Planta - 3 dorm., sendo 1 suíte - Próx. Shopping Iguatemi",R$ 27.000,"São José do Rio Preto, Centro",3,2,,3,,,https://sp.olx.com.br/regiao-de-sao-jose-do-rio-preto/imoveis/casa-na-planta-3-dorm-sendo-1-suite-prox-shopping-iguatemi-1147907692
Casas em condominio - Iguatemi,R$ 1.900,"São José do Rio Preto, Centro",2,,,3,,,https://sp.olx.com.br/regiao-de-sao-jose-do-rio-preto/imoveis/casas-em-condominio-iguatemi-1166397872
Casa Padrão em Ipiguá,R$ 130.000,Ipiguá,2,2,100m²,1,,,https://sp.olx.com.br/regiao-de-sao-jose-do-rio-preto/imoveis/casa-padrao-em-ipigua-1217434709
Casa Padrão em São José do Rio Preto,R$ 145.000,"São José do Rio Preto, Eldorado",2,2,80m²,2,54,,https://sp.olx.com.br/regiao-de-sao-jose-do-rio-preto/imoveis/casa-padrao-em-sao-jose-do-rio-preto-1217434028
Casa Padrão em São José do Rio Preto,R$ 145.000,"São José do Rio Preto, Eldorado",2,2,80m²,2,54,,https://sp.olx.com.br/regiao-de-sao-jose-do-rio-preto/imoveis/casa-padrao-em-sao-jose-do-rio-preto-1217362886
Vila Aurora - 02 casas - São José do Rio Preto/SP,R$ 145.000,"São José do Rio Preto, Vila Aurora",3,,100m²,2,,,https://sp.olx.com.br/regiao-de-sao-jose-do-rio-preto/imoveis/vila-aurora-02-casas-sao-jose-do-rio-preto-sp-1217246293
"Jardim das Pameiras 3 - R$80.000,0 + parcelas Bady Bassitt/SP",R$ 80.000,Bady Bassitt,2,4,200m²,1,,,https://sp.olx.com.br/regiao-de-sao-jose-do-rio-preto/imoveis/jardim-das-pameiras-3-r-80-000-0-parcelas-bady-bassitt-sp-1215841553
Casa para venda no Residencial Mais Parque,R$ 110.000,"Mirassol, Residencial Mais Parque Mirassol",2,3,85m²,1,,,https://sp.olx.com.br/regiao-de-sao-jose-do-rio-preto/imoveis/casa-para-venda-no-residencial-mais-parque-1213869806
"Casa com 1 dormitório à venda, 30 m² por R$ 100.000,00 - Portal Cidade Amiga - Mirassol/SP",R$ 100.000,"Mirassol, Portal da Cidade Amiga",1,,30m²,1,50,,https://sp.olx.com.br/regiao-de-sao-jose-do-rio-preto/imoveis/casa-com-1-dormitorio-a-venda-30-m-por-r-100-000-00-portal-cidade-amiga-mirassol-sp-1212926493
Deixa pagar no nome,R$ 125.000,Cedral,2,2,114m²,1,600,,https://sp.olx.com.br/regiao-de-sao-jose-do-rio-preto/imoveis/deixa-pagar-no-nome-1212714013
"Casa à venda, Jardim das Oliveiras, São José do Rio Preto, SP",R$ 140.000,"São José do Rio Preto, Jardim das Oliveiras",2,,90m²,1,,,https://sp.olx.com.br/regiao-de-sao-jose-do-rio-preto/imoveis/casa-a-venda-jardim-das-oliveiras-sao-jose-do-rio-preto-sp-1212429285
"Casa à venda no Jardim São Francisco, São José do Rio Preto, SP",R$ 149.990,"São José do Rio Preto, São Francisco",2,1,110m²,1,40,,https://sp.olx.com.br/regiao-de-sao-jose-do-rio-preto/imoveis/casa-a-venda-no-jardim-sao-francisco-sao-jose-do-rio-preto-sp-1212390300
"Casa com 3 dormitórios à venda, 120 m² por R$ 125.000,00 - Residencial Morada do Sol - São",R$ 125.000,"São José do Rio Preto, Residencial Morada do Sol",3,,120m²,2,,,https://sp.olx.com.br/regiao-de-sao-jose-do-rio-preto/imoveis/casa-com-3-dormitorios-a-venda-120-m-por-r-125-000-00-residencial-morada-do-sol-sao-1211942391
"Casa com 2 dormitórios à venda, 170 m² por R$ 145.000,00 - Jardim Nunes - São José do Rio",R$ 145.000,"São José do Rio Preto, Jardim Nunes",2,2,170m²,1,50,,https://sp.olx.com.br/regiao-de-sao-jose-do-rio-preto/imoveis/casa-com-2-dormitorios-a-venda-170-m-por-r-145-000-00-jardim-nunes-sao-jose-do-rio-1211486890
"Casa com 2 dormitórios à venda, 55 m² por R$ 90.000,00 - Residencial Jardim da Solidarieda",R$ 90.000,"São José do Rio Preto, Parque Residencial da Solidariedade",2,2,55m²,1,,,https://sp.olx.com.br/regiao-de-sao-jose-do-rio-preto/imoveis/casa-com-2-dormitorios-a-venda-55-m-por-r-90-000-00-residencial-jardim-da-solidarieda-1211486790
"Casa com 2 dormitórios à venda, 30 m² por R$ 120.000,00 - Loteamento Parque Nova Esperança",R$ 120.000,"São José do Rio Preto, Loteamento Parque Nova Esperança",2,,30m²,1,50,,https://sp.olx.com.br/regiao-de-sao-jose-do-rio-preto/imoveis/casa-com-2-dormitorios-a-venda-30-m-por-r-120-000-00-loteamento-parque-nova-esperanca-1211486783
CASA TÉRREA 104M² 2 SUÍTES 2 VAGAS,R$ 30.000,Bady Bassitt,2,2,104m²,3,950,450,https://sp.olx.com.br/regiao-de-sao-jose-do-rio-preto/imoveis/casa-terrea-104m-2-suites-2-vagas-1210390201
Casa de condomínio térrea para venda com 104 metros quadrados com 2 quartos,R$ 28.900,Bady Bassitt,2,2,104m²,3,900,450,https://sp.olx.com.br/regiao-de-sao-jose-do-rio-preto/imoveis/casa-de-condominio-terrea-para-venda-com-104-metros-quadrados-com-2-quartos-1210240507
SOBRADO 140M² 3 SUÍTES 2 VAGAS DE GARAGEM,R$ 40.900,"Mirassol, Residencial Jardim das Acácias",3,2,140m²,4,1.800,450,https://sp.olx.com.br/regiao-de-sao-jose-do-rio-preto/imoveis/sobrado-140m-3-suites-2-vagas-de-garagem-1209545841
SOBRADO COM 3 SUÍTES 2 VAGAS DE GARAGEM,R$ 36.900,"Mirassol, Residencial Jardim das Acácias",3,2,140m²,4,1.800,450,https://sp.olx.com.br/regiao-de-sao-jose-do-rio-preto/imoveis/sobrado-com-3-suites-2-vagas-de-garagem-1209516081
SOBRADO 140M² / 3 SUÍTES / 2 VAGAS,R$ 34.000,"Mirassol, Residencial Jardim das Acácias",3,2,140m²,4,1.800,450,https://sp.olx.com.br/regiao-de-sao-jose-do-rio-preto/imoveis/sobrado-140m-3-suites-2-vagas-1209447991
"CASA,50,5M2DEAREAPRIVATIVA",R$ 128.700,Bady Bassitt,1,,200m²,1,,,https://sp.olx.com.br/regiao-de-sao-jose-do-rio-preto/imoveis/casa-50-5m2deareaprivativa-1208552475
Mirassol - Casa Padrão - São José,R$ 130.000,"Mirassol, Jardim São José",3,,60m²,1,,,https://sp.olx.com.br/regiao-de-sao-jose-do-rio-preto/imoveis/mirassol-casa-padrao-sao-jose-1208065315
"Casa para venda em Ibira-SP no Res Sao Benedito, 2 dormitorios, 1 vaga, 60 m2 construidos",R$ 76.504,Ibirá,2,1,60m²,1,,,https://sp.olx.com.br/regiao-de-sao-jose-do-rio-preto/imoveis/casa-para-venda-em-ibira-sp-no-res-sao-benedito-2-dormitorios-1-vaga-60-m2-construidos-1207290162
"Casa para venda com 60m2  com 2 quartos, Residencial São Benedito - Ibirá - SP",R$ 76.504,Ibirá,2,2,60m²,1,,,https://sp.olx.com.br/regiao-de-sao-jose-do-rio-preto/imoveis/casa-para-venda-com-60m2-com-2-quartos-residencial-sao-benedito-ibira-sp-1205957592
Casa Condomínio em São José do Rio Preto,R$ 135.000,"São José do Rio Preto, Parque Residencial Nature I",3,2,80m²,2,60,200,https://sp.olx.com.br/regiao-de-sao-jose-do-rio-preto/imoveis/casa-condominio-em-sao-jose-do-rio-preto-1205885274
Casa Padrão em São José do Rio Preto,R$ 130.000,"São José do Rio Preto, Jardim João Paulo II",2,2,56m²,1,,,https://sp.olx.com.br/regiao-de-sao-jose-do-rio-preto/imoveis/casa-padrao-em-sao-jose-do-rio-preto-1205885060
Casa Padrão em São José do Rio Preto,R$ 120.000,"São José do Rio Preto, Parque Residencial João da Silva",2,4,55m²,2,250,,https://sp.olx.com.br/regiao-de-sao-jose-do-rio-preto/imoveis/casa-padrao-em-sao-jose-do-rio-preto-1205884435
Casa Padrão em São José do Rio Preto,R$ 140.000,"São José do Rio Preto, Jardim Anielli",2,4,45m²,1,50,,https://sp.olx.com.br/regiao-de-sao-jose-do-rio-preto/imoveis/casa-padrao-em-sao-jose-do-rio-preto-1205884375
Casa Condomínio em São José do Rio Preto,R$ 140.000,"São José do Rio Preto, Residencial Vitória Régia",2,1,58m²,1,38,240,https://sp.olx.com.br/regiao-de-sao-jose-do-rio-preto/imoveis/casa-condominio-em-sao-jose-do-rio-preto-1205884343
Casa Padrão em São José do Rio Preto,R$ 140.000,"São José do Rio Preto, Conjunto Habitacional Duas Vendas",1,2,50m²,1,45,,https://sp.olx.com.br/regiao-de-sao-jose-do-rio-preto/imoveis/casa-padrao-em-sao-jose-do-rio-preto-1205883861
Casa Padrão em São José do Rio Preto,R$ 120.000,"São José do Rio Preto, Parque Residencial João da Silva",2,4,55m²,2,250,,https://sp.olx.com.br/regiao-de-sao-jose-do-rio-preto/imoveis/casa-padrao-em-sao-jose-do-rio-preto-1205863224
Casa Condomínio em São José do Rio Preto,R$ 135.000,"São José do Rio Preto, Parque Residencial Nature I",3,2,80m²,2,60,200,https://sp.olx.com.br/regiao-de-sao-jose-do-rio-preto/imoveis/casa-condominio-em-sao-jose-do-rio-preto-1205858926
Casa Padrão em São José do Rio Preto,R$ 130.000,"São José do Rio Preto, Jardim João Paulo II",2,2,56m²,1,,,https://sp.olx.com.br/regiao-de-sao-jose-do-rio-preto/imoveis/casa-padrao-em-sao-jose-do-rio-preto-1205858566
Casa Padrão em São José do Rio Preto,R$ 140.000,"São José do Rio Preto, Jardim Anielli",2,4,45m²,1,50,,https://sp.olx.com.br/regiao-de-sao-jose-do-rio-preto/imoveis/casa-padrao-em-sao-jose-do-rio-preto-1205857946
Casa Padrão em São José do Rio Preto,R$ 140.000,"São José do Rio Preto, Conjunto Habitacional Duas Vendas",1,2,50m²,1,45,,https://sp.olx.com.br/regiao-de-sao-jose-do-rio-preto/imoveis/casa-padrao-em-sao-jose-do-rio-preto-1205857712
Casa Condomínio em São José do Rio Preto,R$ 140.000,"São José do Rio Preto, Residencial Vitória Régia",2,1,58m²,1,38,240,https://sp.olx.com.br/regiao-de-sao-jose-do-rio-preto/imoveis/casa-condominio-em-sao-jose-do-rio-preto-1205857475
Casa para venda no bairro Nova Esperança,R$ 148.000,"São José do Rio Preto, Loteamento Parque Nova Esperança",2,2,50m²,1,1,,https://sp.olx.com.br/regiao-de-sao-jose-do-rio-preto/imoveis/casa-para-venda-no-bairro-nova-esperanca-1204465422
Casa de 2 suítes no Raizes Imperial  Entrega imediata,R$ 130.000,Bady Bassitt,2,2,104m²,2,100,310,https://sp.olx.com.br/regiao-de-sao-jose-do-rio-preto/imoveis/casa-de-2-suites-no-raizes-imperial-entrega-imediata-1204382479
SAO JOSE DO RIO PRETO - Residential / Home - SOLO SAGRADO,R$ 100.000,"São José do Rio Preto, Jardim Astúrias",2,1,80m²,1,46,,https://sp.olx.com.br/regiao-de-sao-jose-do-rio-preto/imoveis/sao-jose-do-rio-preto-residential-home-solo-sagrado-1204246558
Casa Padrão em São José do Rio Preto,R$ 145.000,"São José do Rio Preto, Estância Bela Vista (Zona Rural)",2,2,110m²,2,,,https://sp.olx.com.br/regiao-de-sao-jose-do-rio-preto/imoveis/casa-padrao-em-sao-jose-do-rio-preto-1202819809
Casa Padrão em São José do Rio Preto,R$ 145.000,"São José do Rio Preto, Vila Zilda",3,,108m²,2,,,https://sp.olx.com.br/regiao-de-sao-jose-do-rio-preto/imoveis/casa-padrao-em-sao-jose-do-rio-preto-1201566781
Casa Padrão em São José do Rio Preto,R$ 145.000,"São José do Rio Preto, Vila Zilda",3,,108m²,2,,,https://sp.olx.com.br/regiao-de-sao-jose-do-rio-preto/imoveis/casa-padrao-em-sao-jose-do-rio-preto-1201476532
"Casa com 2 dormitórios à venda, 80 m² por R$ 148.000 - Vila Elmaz - São José do Rio Preto/",R$ 148.000,"São José do Rio Preto, Vila Elmaz",2,,80m²,1,,,https://sp.olx.com.br/regiao-de-sao-jose-do-rio-preto/imoveis/casa-com-2-dormitorios-a-venda-80-m-por-r-148-000-vila-elmaz-sao-jose-do-rio-preto-1199321620
LANÇAMENTO SOBRADO 140M² 3 SUÍTES 2 VAGAS,R$ 48.900,"Mirassol, Residencial Jardim das Acácias",3,2,140m²,2,1.200,450,https://sp.olx.com.br/regiao-de-sao-jose-do-rio-preto/imoveis/lancamento-sobrado-140m-3-suites-2-vagas-1198749129
Casa Padrão em São José do Rio Preto,R$ 125.000,"São José do Rio Preto, Residencial Morada do Sol",3,2,120m²,2,,,https://sp.olx.com.br/regiao-de-sao-jose-do-rio-preto/imoveis/casa-padrao-em-sao-jose-do-rio-preto-1198617852
Casa Padrão em São José do Rio Preto,R$ 140.000,"São José do Rio Preto, Loteamento Parque Nova Esperança",2,2,200m²,2,,,https://sp.olx.com.br/regiao-de-sao-jose-do-rio-preto/imoveis/casa-padrao-em-sao-jose-do-rio-preto-1198586856
Casa Padrão em São José do Rio Preto,R$ 125.000,"São José do Rio Preto, Residencial Morada do Sol",3,2,120m²,2,,,https://sp.olx.com.br/regiao-de-sao-jose-do-rio-preto/imoveis/casa-padrao-em-sao-jose-do-rio-preto-1198542098
"Oportunidade. Casa para venda em Mirassol-SP na Celina Dalul, 2 dormitorios, 2 banheiros,",R$ 122.740,"Mirassol, Parque Residencial Celina Dalul",2,2,50m²,2,,,https://sp.olx.com.br/regiao-de-sao-jose-do-rio-preto/imoveis/oportunidade-casa-para-venda-em-mirassol-sp-na-celina-dalul-2-dormitorios-2-banheiros-1197546667
Sobrado 3 Dorm 1 suíte 2 vagas,R$ 31.990,"São José do Rio Preto, Village Imperial Residence",3,2,93m²,3,600,400,https://sp.olx.com.br/regiao-de-sao-jose-do-rio-preto/imoveis/sobrado-3-dorm-1-suite-2-vagas-1195327296
Casa para venda possui 37 metros quadrados com 2 quartos,R$ 140.000,"São José do Rio Preto, Loteamento Parque Nova Esperança",2,1,37m²,1,,,https://sp.olx.com.br/regiao-de-sao-jose-do-rio-preto/imoveis/casa-para-venda-possui-37-metros-quadrados-com-2-quartos-1193449929
CASA PARA REFORMA,R$ 135.000,"São José do Rio Preto, Jardim Soraia",2,2,100m²,1,,,https://sp.olx.com.br/regiao-de-sao-jose-do-rio-preto/imoveis/casa-para-reforma-1193237465
Casa de condomínio 104m²,R$ 28.900,Bady Bassitt,2,3,104m²,1,550,400,https://sp.olx.com.br/regiao-de-sao-jose-do-rio-preto/imoveis/casa-de-condominio-104m-1192783973
Casa Padrão em São José do Rio Preto,R$ 135.000,"São José do Rio Preto, Jardim Arroyo",1,2,30m²,1,,,https://sp.olx.com.br/regiao-de-sao-jose-do-rio-preto/imoveis/casa-padrao-em-sao-jose-do-rio-preto-1192718043
"Casa com 2 dormitórios à venda, 50 m² por R$ 122.740,00 - Loteamento Residencial Celina Da",R$ 122.740,Mirassol,2,2,50m²,2,,,https://sp.olx.com.br/regiao-de-sao-jose-do-rio-preto/imoveis/casa-com-2-dormitorios-a-venda-50-m-por-r-122-740-00-loteamento-residencial-celina-da-1189317081
Casa Padrão em São José do Rio Preto,R$ 110.000,"São José do Rio Preto, Loteamento Parque Nova Esperança",2,2,37m²,1,,,https://sp.olx.com.br/regiao-de-sao-jose-do-rio-preto/imoveis/casa-padrao-em-sao-jose-do-rio-preto-1188459353
Casa Padrão em São José do Rio Preto,R$ 110.000,"São José do Rio Preto, Loteamento Parque Nova Esperança",2,2,37m²,1,,,https://sp.olx.com.br/regiao-de-sao-jose-do-rio-preto/imoveis/casa-padrao-em-sao-jose-do-rio-preto-1187671407
Casa Padrão em Bady Bassitt,R$ 130.000,Bady Bassitt,2,2,50m²,1,35,,https://sp.olx.com.br/regiao-de-sao-jose-do-rio-preto/imoveis/casa-padrao-em-bady-bassitt-1187235674
Casa Padrão em Bady Bassitt,R$ 130.000,Bady Bassitt,2,2,50m²,1,35,,https://sp.olx.com.br/regiao-de-sao-jose-do-rio-preto/imoveis/casa-padrao-em-bady-bassitt-1187185409
CASA RESIDENCIAL - 2 Dorm / 1 Vaga / 114 m² - Solo Sagrado - SJRP/SP,R$ 115.000,"São José do Rio Preto, Solo Sagrado I",2,,114m²,1,40,,https://sp.olx.com.br/regiao-de-sao-jose-do-rio-preto/imoveis/casa-residencial-2-dorm-1-vaga-114-m-solo-sagrado-sjrp-sp-1185760673
"Casa para Venda em Mirassol, Parque Residencial Celina Dalul, 2 dormitórios, 2 banheiros,",R$ 122.740,"Mirassol, Parque Residencial Celina Dalul",2,2,50m²,2,,,https://sp.olx.com.br/regiao-de-sao-jose-do-rio-preto/imoveis/casa-para-venda-em-mirassol-parque-residencial-celina-dalul-2-dormitorios-2-banheiros-1184793590
"Casa com 2 dormitórios à venda, 120 m² por R$ 100.000,00 - Jardim Santo Antônio - São José",R$ 100.000,"São José do Rio Preto, Jardim Santo Antônio",2,3,120m²,1,,,https://sp.olx.com.br/regiao-de-sao-jose-do-rio-preto/imoveis/casa-com-2-dormitorios-a-venda-120-m-por-r-100-000-00-jardim-santo-antonio-sao-jose-1184645213
Casa de condomínio térrea para venda possui 88 metros quadrados com 3 quartos,R$ 52.900,"São José do Rio Preto, Condomínio Residencial Parque da Liberdade I",3,2,88m²,2,80,350,https://sp.olx.com.br/regiao-de-sao-jose-do-rio-preto/imoveis/casa-de-condominio-terrea-para-venda-possui-88-metros-quadrados-com-3-quartos-1184492387
Casa Padrão em São José do Rio Preto,R$ 135.000,"São José do Rio Preto, Bosque da Felicidade",2,1,58m²,1,,,https://sp.olx.com.br/regiao-de-sao-jose-do-rio-preto/imoveis/casa-padrao-em-sao-jose-do-rio-preto-1183867521
"Casa à venda, 100 m² por R$ 148.000,00 - Residencial Morada do Sol - São José do Rio Preto",R$ 148.000,"São José do Rio Preto, Residencial Morada do Sol",3,2,100m²,2,,,https://sp.olx.com.br/regiao-de-sao-jose-do-rio-preto/imoveis/casa-a-venda-100-m-por-r-148-000-00-residencial-morada-do-sol-sao-jose-do-rio-preto-1181191644
CASA CONDOMÍNIO NATURE I - SÃO JOSÉ DO RIO PRETO,R$ 100.000,"São José do Rio Preto, Vila Santo Antônio",3,2,80m²,2,600,250,https://sp.olx.com.br/regiao-de-sao-jose-do-rio-preto/imoveis/casa-condominio-nature-i-sao-jose-do-rio-preto-1180781568
Casa em JARDIM ARROYO  -  São José do Rio Preto,R$ 135.000,"São José do Rio Preto, Jardim Arroyo",2,2,70m²,1,,,https://sp.olx.com.br/regiao-de-sao-jose-do-rio-preto/imoveis/casa-em-jardim-arroyo--sao-jose-do-rio-preto-1180332619
"Casa, 70 m² - venda por R$ 99.999,99 ou aluguel por R$ 750,00/mês - Jardim João Paulo II -",R$ 100.000,"São José do Rio Preto, Jardim João Paulo II",2,,70m²,1,50,,https://sp.olx.com.br/regiao-de-sao-jose-do-rio-preto/imoveis/casa-70-m-venda-por-r-99-999-99-ou-aluguel-por-r-750-00-mes-jardim-joao-paulo-ii-1177374078
"Casa com 2 dormitórios à venda, 49 m² por R$ 75.000,00 - Egídio Zane - São José do Rio Pre",R$ 75.000,"São José do Rio Preto, Egydio Zani",2,2,49m²,1,,,https://sp.olx.com.br/regiao-de-sao-jose-do-rio-preto/imoveis/casa-com-2-dormitorios-a-venda-49-m-por-r-75-000-00-egidio-zane-sao-jose-do-rio-pre-1177373856
"Casa com 2 dormitórios à venda, 69 m² por R$ 140.000,00 - Jardim João Paulo II - São José",R$ 140.000,"São José do Rio Preto, Jardim João Paulo II",2,,69m²,1,,,https://sp.olx.com.br/regiao-de-sao-jose-do-rio-preto/imoveis/casa-com-2-dormitorios-a-venda-69-m-por-r-140-000-00-jardim-joao-paulo-ii-sao-jose-1177367140
Casa para venda com 105 metros quadrados com 3 quartos,R$ 100.000,"São José do Rio Preto, Jardim Antunes",3,2,105m²,2,,,https://sp.olx.com.br/regiao-de-sao-jose-do-rio-preto/imoveis/casa-para-venda-com-105-metros-quadrados-com-3-quartos-1147211996
Esquina Solo Sagrado Excelente Local.,R$ 145.000,"São José do Rio Preto, Solo Sagrado",2,,120m²,2,,,https://sp.olx.com.br/regiao-de-sao-jose-do-rio-preto/imoveis/esquina-solo-sagrado-excelente-local-1023183209
Casa em Jardim das Oliveiras  -  São José do Rio Preto,R$ 100.000,"São José do Rio Preto, Jardim das Oliveiras",3,2,100m²,1,,,https://sp.olx.com.br/regiao-de-sao-jose-do-rio-preto/imoveis/casa-em-jardim-das-oliveiras--sao-jose-do-rio-preto-1156786931
Casa para aluguel tem 85 metros quadrados com 2 quartos,R$ 140.000,"São José do Rio Preto, Jardim Santo Antônio",2,1,85m²,1,,,https://sp.olx.com.br/regiao-de-sao-jose-do-rio-preto/imoveis/casa-para-aluguel-tem-85-metros-quadrados-com-2-quartos-1087796281
Casa à Venda no Jd. das Laranjeiras,R$ 70.000,"São José do Rio Preto, Jardim Laranjeiras",3,,70m²,1,,,https://sp.olx.com.br/regiao-de-sao-jose-do-rio-preto/imoveis/casa-a-venda-no-jd-das-laranjeiras-1019148486
"Casa para Venda em São José do Rio Preto, Jardim dos Buritis, 2 dormitórios, 1 banheiro",R$ 113.340,"São José do Rio Preto, Jardim dos Buritis",2,,279m²,1,,,https://sp.olx.com.br/regiao-de-sao-jose-do-rio-preto/imoveis/casa-para-venda-em-sao-jose-do-rio-preto-jardim-dos-buritis-2-dormitorios-1-banheiro-1103233623
"Casa com 2 dormitórios à venda, 80 m² por R$ 135.000,00 - Solo Sagrado I - São José do Rio",R$ 135.000,"São José do Rio Preto, Solo Sagrado I",2,2,80m²,1,,,https://sp.olx.com.br/regiao-de-sao-jose-do-rio-preto/imoveis/casa-com-2-dormitorios-a-venda-80-m-por-r-135-000-00-solo-sagrado-i-sao-jose-do-rio-1172420644
"Casa à venda, 75 m² por R$ 140.000,00 - Vila Anchieta - São José do Rio Preto/SP",R$ 140.000,"São José do Rio Preto, Vila Angélica",2,,75m²,1,,,https://sp.olx.com.br/regiao-de-sao-jose-do-rio-preto/imoveis/casa-a-venda-75-m-por-r-140-000-00-vila-anchieta-sao-jose-do-rio-preto-sp-1081987541
Casa para venda com 36 metros quadrados com 2 quartos,R$ 100.000,"São José do Rio Preto, Jardim Santo Antônio",2,2,36m²,1,40,,https://sp.olx.com.br/regiao-de-sao-jose-do-rio-preto/imoveis/casa-para-venda-com-36-metros-quadrados-com-2-quartos-1115966313
SÃO JOSÉ DO RIO PRETO - Casa Padrão - RESIDENCIAL VIDA NOVA RIO PRETO,R$ 59.000,"São José do Rio Preto, Vila Santo Antônio",2,,45m²,1,,,https://sp.olx.com.br/regiao-de-sao-jose-do-rio-preto/imoveis/sao-jose-do-rio-preto-casa-padrao-residencial-vida-nova-rio-preto-1082535702
"Casa com 3 dormitórios à venda, 120 m² por R$ 145.000,00 - Parque da Cidadania - São José",R$ 145.000,"São José do Rio Preto, Parque da Cidadania",3,2,120m²,2,,,https://sp.olx.com.br/regiao-de-sao-jose-do-rio-preto/imoveis/casa-com-3-dormitorios-a-venda-120-m-por-r-145-000-00-parque-da-cidadania-sao-jose-1171617529
SÃO JOSÉ DO RIO PRETO - Casa Padrão - JARDIM JOÃO PAULO II,R$ 110.000,"São José do Rio Preto, Jardim João Paulo II",3,2,170m²,2,34,,https://sp.olx.com.br/regiao-de-sao-jose-do-rio-preto/imoveis/sao-jose-do-rio-preto-casa-padrao-jardim-joao-paulo-ii-995586228
Casa - 2 dorm ( 1 suíte ) - 2 vagas - São José do Rio Preto-SP,R$ 60.000,"São José do Rio Preto, Solo Sagrado I",2,2,124m²,2,,,https://sp.olx.com.br/regiao-de-sao-jose-do-rio-preto/imoveis/casa-2-dorm-1-suite--2-vagas-sao-jose-do-rio-preto-sp-1022216071
SÃO JOSÉ DO RIO PRETO - Casa Padrão - SETPARQUE AVENIDA 2,R$ 148.000,"São José do Rio Preto, Setparque Avenida 2",1,1,160m²,1,,,https://sp.olx.com.br/regiao-de-sao-jose-do-rio-preto/imoveis/sao-jose-do-rio-preto-casa-padrao-setparque-avenida-2-1171124967
SÃO JOSÉ DO RIO PRETO - Casa Padrão - SOLO SAGRADO,R$ 143.000,"São José do Rio Preto, Solo Sagrado I",2,1,76m²,1,20,,https://sp.olx.com.br/regiao-de-sao-jose-do-rio-preto/imoveis/sao-jose-do-rio-preto-casa-padrao-solo-sagrado-995586719
Macaúbas - Mirassolândia/SPCasa com 3 dormitórios à venda,R$ 100.000,Mirassolândia,3,,80m²,1,,,https://sp.olx.com.br/regiao-de-sao-jose-do-rio-preto/imoveis/macaubas-mirassolandia-spcasa-com-3-dormitorios-a-venda-1048518599
"Casa com 4 dormitórios à venda, 116 m² por R$ 130.000,00 - Jardim Soraia - São José do Rio",R$ 130.000,"São José do Rio Preto, Jardim Soraia",4,3,117m²,1,,,https://sp.olx.com.br/regiao-de-sao-jose-do-rio-preto/imoveis/casa-com-4-dormitorios-a-venda-116-m-por-r-130-000-00-jardim-soraia-sao-jose-do-rio-1170356846
São francisco - Casa com 1 dormitório à venda - São José do Rio Preto,R$ 130.000,"São José do Rio Preto, São Francisco",1,,125m²,1,,,https://sp.olx.com.br/regiao-de-sao-jose-do-rio-preto/imoveis/sao-francisco-casa-com-1-dormitorio-a-venda-sao-jose-do-rio-preto-1170336880
"Casa, 70 m² - venda por R$ 99.999,99 ou aluguel por R$ 750,00/mês - Jardim João Paulo II -",R$ 100.000,"São José do Rio Preto, Jardim João Paulo II",2,,70m²,1,50,,https://sp.olx.com.br/regiao-de-sao-jose-do-rio-preto/imoveis/casa-70-m-venda-por-r-99-999-99-ou-aluguel-por-r-750-00-mes-jardim-joao-paulo-ii-1170140931
"Casa com 2 dormitórios à venda, 70 m² por R$ 140.000,00 - Vila Angélica - São José do Rio",R$ 140.000,"São José do Rio Preto, Vila Angélica",2,4,70m²,1,65,,https://sp.olx.com.br/regiao-de-sao-jose-do-rio-preto/imoveis/casa-com-2-dormitorios-a-venda-70-m-por-r-140-000-00-vila-angelica-sao-jose-do-rio-1170095997
"Casa com 2 dormitórios à venda, 85 m² por R$ 80.000,00 - Residencial Santa Ana - São José",R$ 80.000,"São José do Rio Preto, Residencial Santa Ana",2,1,85m²,1,,,https://sp.olx.com.br/regiao-de-sao-jose-do-rio-preto/imoveis/casa-com-2-dormitorios-a-venda-85-m-por-r-80-000-00-residencial-santa-ana-sao-jose-1169419501
"Casa com 2 dormitórios à venda, 49 m² por R$ 75.000,00 - Egídio Zane - São José do Rio Pre",R$ 75.000,"São José do Rio Preto, Egydio Zani",2,2,49m²,1,,,https://sp.olx.com.br/regiao-de-sao-jose-do-rio-preto/imoveis/casa-com-2-dormitorios-a-venda-49-m-por-r-75-000-00-egidio-zane-sao-jose-do-rio-pre-1169389600
"Casa com 2 dormitórios à venda, 69 m² por R$ 140.000,00 - Jardim João Paulo II - São José",R$ 140.000,"São José do Rio Preto, Jardim João Paulo II",2,,69m²,1,,,https://sp.olx.com.br/regiao-de-sao-jose-do-rio-preto/imoveis/casa-com-2-dormitorios-a-venda-69-m-por-r-140-000-00-jardim-joao-paulo-ii-sao-jose-1169380494
"Casa com 2 dormitórios à venda, 200 m² por R$ 148.000,00 - Residencial Mais Viver - São Jo",R$ 148.000,"São José do Rio Preto, Residencial Mais Viver",2,,200m²,1,,,https://sp.olx.com.br/regiao-de-sao-jose-do-rio-preto/imoveis/casa-com-2-dormitorios-a-venda-200-m-por-r-148-000-00-residencial-mais-viver-sao-jo-1048534985
Lindo Imóvel venha conferir,R$ 145.000,"São José do Rio Preto, Jardim Anielli",2,1,178m²,1,,,https://sp.olx.com.br/regiao-de-sao-jose-do-rio-preto/imoveis/lindo-imovel-venha-conferir-1065804706
Casa à venda no Vida Nova,R$ 140.000,"São José do Rio Preto, Egydio Zani",2,1,45m²,1,,,https://sp.olx.com.br/regiao-de-sao-jose-do-rio-preto/imoveis/casa-a-venda-no-vida-nova-1157180555
SAO JOSE DO RIO PRETO - Residential / Home - VALE DO SOL,R$ 110.000,"São José do Rio Preto, Vila Falavina",2,1,70m²,1,,,https://sp.olx.com.br/regiao-de-sao-jose-do-rio-preto/imoveis/sao-jose-do-rio-preto-residential-home-vale-do-sol-1166798595
"Casa à venda, 70 m² por R$ 140.000,00 - Jardim João Paulo II - São José do Rio Preto/SP",R$ 140.000,"São José do Rio Preto, Jardim João Paulo II",2,,70m²,1,,,https://sp.olx.com.br/regiao-de-sao-jose-do-rio-preto/imoveis/casa-a-venda-70-m-por-r-140-000-00-jardim-joao-paulo-ii-sao-jose-do-rio-preto-sp-1048515025
Casa Condomínio em São José do Rio Preto,R$ 140.000,"São José do Rio Preto, Residencial Jardim das Acácias",2,1,94m²,1,25,190,https://sp.olx.com.br/regiao-de-sao-jose-do-rio-preto/imoveis/casa-condominio-em-sao-jose-do-rio-preto-1027874509
Casa Padrão em São José do Rio Preto,R$ 140.000,"São José do Rio Preto, Jardim Planalto",3,,60m²,2,40,,https://sp.olx.com.br/regiao-de-sao-jose-do-rio-preto/imoveis/casa-padrao-em-sao-jose-do-rio-preto-930991232
Cedral - Casa de Condomínio - Centro,R$ 148.000,Cedral,2,1,58m²,1,,1,https://sp.olx.com.br/regiao-de-sao-jose-do-rio-preto/imoveis/cedral-casa-de-condominio-centro-1115941163
Casa Padrão em Mirassol,R$ 120.000,"Mirassol, Vale do Sol",2,2,200m²,1,41,,https://sp.olx.com.br/regiao-de-sao-jose-do-rio-preto/imoveis/casa-padrao-em-mirassol-1163475942
Casa Padrão em Mirassol,R$ 120.000,"Mirassol, Vale do Sol",2,2,200m²,1,41,,https://sp.olx.com.br/regiao-de-sao-jose-do-rio-preto/imoveis/casa-padrao-em-mirassol-1163406226
SAO JOSE DO RIO PRETO - Residential / Home - JARDIM RESIDENCIAL VETORASSO,R$ 130.000,"São José do Rio Preto, Jardim Residencial Vetorasso",2,1,27m²,2,,,https://sp.olx.com.br/regiao-de-sao-jose-do-rio-preto/imoveis/sao-jose-do-rio-preto-residential-home-jardim-residencial-vetorasso-1162966522
Casa em Jardim Arroyo  -  São José do Rio Preto,R$ 140.000,"São José do Rio Preto, Jardim Arroyo",2,1,60m²,1,,,https://sp.olx.com.br/regiao-de-sao-jose-do-rio-preto/imoveis/casa-em-jardim-arroyo--sao-jose-do-rio-preto-1146917004
Lindo Imóvel venha conferir,R$ 130.000,Bady Bassitt,1,2,30m²,1,,,https://sp.olx.com.br/regiao-de-sao-jose-do-rio-preto/imoveis/lindo-imovel-venha-conferir-1160413154
Casa no Pq. da Cidadania com100 metros quadrados,R$ 130.000,"São José do Rio Preto, Parque da Cidadania",2,2,100m²,1,800,,https://sp.olx.com.br/regiao-de-sao-jose-do-rio-preto/imoveis/casa-no-pq-da-cidadania-com100-metros-quadrados-1122166448
"Casa em Jardim Arroyo - São José do Rio Preto, SP",R$ 120.000,"São José do Rio Preto, Jardim Arroyo",2,4,200m²,1,35,,https://sp.olx.com.br/regiao-de-sao-jose-do-rio-preto/imoveis/casa-em-jardim-arroyo-sao-jose-do-rio-preto-sp-1145523697
Vende-se casa no Nova Esperança,R$ 135.000,"São José do Rio Preto, Loteamento Parque Nova Esperança",2,2,65m²,1,,,https://sp.olx.com.br/regiao-de-sao-jose-do-rio-preto/imoveis/vende-se-casa-no-nova-esperanca-1048933860
Casa 2 Quartos São José do Rio Preto - SP - Loteamento Parque Nova Esperança,R$ 140.000,"São José do Rio Preto, Loteamento Parque Nova Esperança",2,1,200m²,1,,,https://sp.olx.com.br/regiao-de-sao-jose-do-rio-preto/imoveis/casa-2-quartos-sao-jose-do-rio-preto-sp-loteamento-parque-nova-esperanca-1156589149
"Casa à venda, 90 m² por R$ 135.000,00 - Bela Vista - São José do Rio Preto/SP",R$ 135.000,"São José do Rio Preto, Jardim dos Buritis",2,1,90m²,2,,,https://sp.olx.com.br/regiao-de-sao-jose-do-rio-preto/imoveis/casa-a-venda-90-m-por-r-135-000-00-bela-vista-sao-jose-do-rio-preto-sp-1154576104
Casa Padrão em São José do Rio Preto,R$ 120.000,"São José do Rio Preto, Jardim Santo Antônio",3,1,103m²,2,35,,https://sp.olx.com.br/regiao-de-sao-jose-do-rio-preto/imoveis/casa-padrao-em-sao-jose-do-rio-preto-1154039718
Casa Padrão em São José do Rio Preto,R$ 120.000,"São José do Rio Preto, Jardim Santo Antônio",3,1,103m²,2,35,,https://sp.olx.com.br/regiao-de-sao-jose-do-rio-preto/imoveis/casa-padrao-em-sao-jose-do-rio-preto-1153579324
Raizes Impperial!!Grande Lançamento de Condomínio de Casas região Iguatemi!,R$ 19.500,Bady Bassitt,2,2,104m²,2,,,https://sp.olx.com.br/regiao-de-sao-jose-do-rio-preto/imoveis/raizes-impperial-grande-lancamento-de-condominio-de-casas-regiao-iguatemi-988606999
Lindo Imóvel venha conferir,R$ 115.000,"São José do Rio Preto, Residencial Vitória Régia",2,2,50m²,1,,,https://sp.olx.com.br/regiao-de-sao-jose-do-rio-preto/imoveis/lindo-imovel-venha-conferir-1053654930
Casa Padrão em São José do Rio Preto,R$ 110.000,"São José do Rio Preto, Loteamento Parque Nova Esperança",2,2,37m²,1,,,https://sp.olx.com.br/regiao-de-sao-jose-do-rio-preto/imoveis/casa-padrao-em-sao-jose-do-rio-preto-1148393168
Casa Padrão em São José do Rio Preto,R$ 110.000,"São José do Rio Preto, Loteamento Parque Nova Esperança",2,2,37m²,1,,,https://sp.olx.com.br/regiao-de-sao-jose-do-rio-preto/imoveis/casa-padrao-em-sao-jose-do-rio-preto-1148348481
"Casa para à venda no bairro JARDIM JOÃO PAULO II, em São José do Rio Preto - SP",R$ 120.000,"São José do Rio Preto, Jardim João Paulo II",2,2,120m²,2,,,https://sp.olx.com.br/regiao-de-sao-jose-do-rio-preto/imoveis/casa-para-a-venda-no-bairro-jardim-joao-paulo-ii-em-sao-jose-do-rio-preto-sp-1148021390
Lindo Imóvel venha conferir,R$ 147.000,"São José do Rio Preto, Setvalley III",2,2,62m²,1,,,https://sp.olx.com.br/regiao-de-sao-jose-do-rio-preto/imoveis/lindo-imovel-venha-conferir-1126375522
Casa de condomínio para venda,R$ 90.000,"São José do Rio Preto, Residencial Jardim das Acácias",2,2,45m²,1,,200,https://sp.olx.com.br/regiao-de-sao-jose-do-rio-preto/imoveis/casa-de-condominio-para-venda-1044685043
Casa Padrão em São José do Rio Preto,R$ 145.000,"São José do Rio Preto, Jardim João Paulo II",2,4,200m²,1,,,https://sp.olx.com.br/regiao-de-sao-jose-do-rio-preto/imoveis/casa-padrao-em-sao-jose-do-rio-preto-1019164694
"Casa à venda, 80 m² por R$ 145.000,00 - Jardim Arroyo - São José do Rio Preto/SP",R$ 145.000,"São José do Rio Preto, Jardim Arroyo",2,2,80m²,1,,,https://sp.olx.com.br/regiao-de-sao-jose-do-rio-preto/imoveis/casa-a-venda-80-m-por-r-145-000-00-jardim-arroyo-sao-jose-do-rio-preto-sp-1144336183
Casa Padrão em São José do Rio Preto,R$ 132.000,"São José do Rio Preto, Loteamento Parque Residencial da Lealdade",2,2,48m²,1,,,https://sp.olx.com.br/regiao-de-sao-jose-do-rio-preto/imoveis/casa-padrao-em-sao-jose-do-rio-preto-1142731342
BOSQUE VERDE - CASA RESIDENCIAL PARA VENDA COM 03 DORMITÓRIOS,R$ 138.000,"São José do Rio Preto, Estância Bosque Verde (Zona Rural)",3,2,100m²,2,100,,https://sp.olx.com.br/regiao-de-sao-jose-do-rio-preto/imoveis/bosque-verde-casa-residencial-para-venda-com-03-dormitorios-1134403093
Casa Padrão em Mirassolândia,R$ 130.000,Mirassolândia,2,3,56m²,1,,,https://sp.olx.com.br/regiao-de-sao-jose-do-rio-preto/imoveis/casa-padrao-em-mirassolandia-1133298808
Casa Padrão em Mirassolândia,R$ 130.000,Mirassolândia,2,3,56m²,1,,,https://sp.olx.com.br/regiao-de-sao-jose-do-rio-preto/imoveis/casa-padrao-em-mirassolandia-1133249634
Casa Padrão em Bady Bassitt,R$ 147.000,Bady Bassitt,2,1,54m²,2,,,https://sp.olx.com.br/regiao-de-sao-jose-do-rio-preto/imoveis/casa-padrao-em-bady-bassitt-1131519336
Casa Padrão em Bady Bassitt,R$ 147.000,Bady Bassitt,2,1,54m²,2,,,https://sp.olx.com.br/regiao-de-sao-jose-do-rio-preto/imoveis/casa-padrao-em-bady-bassitt-1130275189
Casa Padrão em São José do Rio Preto,R$ 130.000,"São José do Rio Preto, Jardim Nunes",2,1,36m²,1,,,https://sp.olx.com.br/regiao-de-sao-jose-do-rio-preto/imoveis/casa-padrao-em-sao-jose-do-rio-preto-1124831909
Casa Padrão em São José do Rio Preto,R$ 140.000,"São José do Rio Preto, Jardim Planalto",3,,60m²,2,40,,https://sp.olx.com.br/regiao-de-sao-jose-do-rio-preto/imoveis/casa-padrao-em-sao-jose-do-rio-preto-1124828295
Casa Condomínio em São José do Rio Preto,R$ 140.000,"São José do Rio Preto, Residencial Jardim das Acácias",2,1,94m²,1,25,190,https://sp.olx.com.br/regiao-de-sao-jose-do-rio-preto/imoveis/casa-condominio-em-sao-jose-do-rio-preto-1124790611
Casa Padrão em São José do Rio Preto,R$ 95.000,"São José do Rio Preto, Solo Sagrado I",2,2,90m²,1,50,,https://sp.olx.com.br/regiao-de-sao-jose-do-rio-preto/imoveis/casa-padrao-em-sao-jose-do-rio-preto-1124784896
Casa Padrão em São José do Rio Preto,R$ 145.000,"São José do Rio Preto, Loteamento Parque Residencial da Amizade",2,2,41m²,1,,,https://sp.olx.com.br/regiao-de-sao-jose-do-rio-preto/imoveis/casa-padrao-em-sao-jose-do-rio-preto-1124781991
Casa Padrão em São José do Rio Preto,R$ 145.000,"São José do Rio Preto, Jardim João Paulo II",2,4,200m²,1,,,https://sp.olx.com.br/regiao-de-sao-jose-do-rio-preto/imoveis/casa-padrao-em-sao-jose-do-rio-preto-1124780429
Casa Padrão em São José do Rio Preto,R$ 90.000,"São José do Rio Preto, Jardim Conceição",2,,69m²,2,39,,https://sp.olx.com.br/regiao-de-sao-jose-do-rio-preto/imoveis/casa-padrao-em-sao-jose-do-rio-preto-1124778292
Casa Padrão em São José do Rio Preto,R$ 140.000,"São José do Rio Preto, Loteamento Parque Nova Esperança",2,3,70m²,1,,,https://sp.olx.com.br/regiao-de-sao-jose-do-rio-preto/imoveis/casa-padrao-em-sao-jose-do-rio-preto-1124772582
Casa Padrão em São José do Rio Preto,R$ 140.000,"São José do Rio Preto, Parque Residencial Dom Lafayete Libanio",1,3,85m²,1,40,,https://sp.olx.com.br/regiao-de-sao-jose-do-rio-preto/imoveis/casa-padrao-em-sao-jose-do-rio-preto-1124772313
Casa Padrão em São José do Rio Preto,R$ 130.000,"São José do Rio Preto, Jardim Nunes",2,1,36m²,1,,,https://sp.olx.com.br/regiao-de-sao-jose-do-rio-preto/imoveis/casa-padrao-em-sao-jose-do-rio-preto-1019160217
Casa Padrão em São José do Rio Preto,R$ 145.000,"São José do Rio Preto, Loteamento Parque Residencial da Amizade",2,2,41m²,1,,,https://sp.olx.com.br/regiao-de-sao-jose-do-rio-preto/imoveis/casa-padrao-em-sao-jose-do-rio-preto-1118872399
Casa Padrão em São José do Rio Preto,R$ 95.000,"São José do Rio Preto, Solo Sagrado I",2,2,90m²,1,50,,https://sp.olx.com.br/regiao-de-sao-jose-do-rio-preto/imoveis/casa-padrao-em-sao-jose-do-rio-preto-1118678840
Casa Padrão em São José do Rio Preto,R$ 120.000,"São José do Rio Preto, Parque Residencial Dignidade",2,2,46m²,1,,,https://sp.olx.com.br/regiao-de-sao-jose-do-rio-preto/imoveis/casa-padrao-em-sao-jose-do-rio-preto-1107133788
Casa a venda com 77 metros quadrados com 2 quartos em Centro - Cedral - SP,R$ 110.000,"Cedral, Centro",2,2,77m²,2,,,https://sp.olx.com.br/regiao-de-sao-jose-do-rio-preto/imoveis/casa-a-venda-com-77-metros-quadrados-com-2-quartos-em-centro-cedral-sp-1098886329
Casa Padrão em São José do Rio Preto,R$ 140.000,"São José do Rio Preto, Loteamento Parque Nova Esperança",2,3,70m²,1,,,https://sp.olx.com.br/regiao-de-sao-jose-do-rio-preto/imoveis/casa-padrao-em-sao-jose-do-rio-preto-1086962290
Casa Padrão em São José do Rio Preto,R$ 140.000,"São José do Rio Preto, Parque Residencial Dom Lafayete Libanio",1,3,85m²,1,40,,https://sp.olx.com.br/regiao-de-sao-jose-do-rio-preto/imoveis/casa-padrao-em-sao-jose-do-rio-preto-1019153438
Casa Padrão em São José do Rio Preto,R$ 90.000,"São José do Rio Preto, Jardim Conceição",2,,69m²,2,39,,https://sp.olx.com.br/regiao-de-sao-jose-do-rio-preto/imoveis/casa-padrao-em-sao-jose-do-rio-preto-930992423
Casa Padrão em São José do Rio Preto,R$ 99.500,"São José do Rio Preto, Jardim Arroyo",1,2,70m²,1,,,https://sp.olx.com.br/regiao-de-sao-jose-do-rio-preto/imoveis/casa-padrao-em-sao-jose-do-rio-preto-1041966363
